task,class,keyword,count
sentiment,Negative,viên,3034
sentiment,Negative,học,2547
sentiment,Negative,giảng,2039
sentiment,Negative,sinh,2002
sentiment,Negative,bài,1808
sentiment,Negative,thực,1384
sentiment,Negative,dạy,1368
sentiment,Negative,tập,1150
sentiment,Negative,môn,1129
sentiment,Negative,hành,1060
sentiment,Negative,cần,1053
sentiment,Negative,khó,900
sentiment,Negative,làm,804
sentiment,Negative,lớp,790
sentiment,Negative,hiểu,768
sentiment,Negative,thức,602
sentiment,Negative,lý,596
sentiment,Negative,trình,550
sentiment,Negative,hơi,532
sentiment,Negative,thời,530
sentiment,Neutral,học,120
sentiment,Neutral,viên,111
sentiment,Neutral,bài,96
sentiment,Neutral,dạy,77
sentiment,Neutral,kiến,74
sentiment,Neutral,tập,70
sentiment,Neutral,giảng,68
sentiment,Neutral,sinh,63
sentiment,Neutral,thực,58
sentiment,Neutral,lớp,58
sentiment,Neutral,môn,53
sentiment,Neutral,làm,50
sentiment,Neutral,hành,40
sentiment,Neutral,thức,38
sentiment,Neutral,điểm,36
sentiment,Neutral,trình,34
sentiment,Neutral,cách,33
sentiment,Neutral,nhưng,30
sentiment,Neutral,thuyết,30
sentiment,Neutral,đề,29
sentiment,Positive,viên,3553
sentiment,Positive,giảng,3132
sentiment,Positive,dạy,3076
sentiment,Positive,tình,3017
sentiment,Positive,nhiệt,2623
sentiment,Positive,sinh,2211
sentiment,Positive,dễ,1805
sentiment,Positive,hiểu,1632
sentiment,Positive,học,1447
sentiment,Positive,bài,1405
sentiment,Positive,tâm,1332
sentiment,Positive,tận,1330
sentiment,Positive,vui,950
sentiment,Positive,kiến,814
sentiment,Positive,tập,813
sentiment,Positive,thức,807
sentiment,Positive,tốt,740
sentiment,Positive,thực,561
sentiment,Positive,tính,541
sentiment,Positive,truyền,515
topic,Lecturer,viên,5622
topic,Lecturer,giảng,4775
topic,Lecturer,dạy,4210
topic,Lecturer,sinh,3334
topic,Lecturer,tình,3135
topic,Lecturer,nhiệt,2710
topic,Lecturer,bài,2330
topic,Lecturer,học,2164
topic,Lecturer,hiểu,2117
topic,Lecturer,dễ,1881
topic,Lecturer,tâm,1450
topic,Lecturer,tận,1385
topic,Lecturer,tập,1302
topic,Lecturer,thức,986
topic,Lecturer,kiến,981
topic,Lecturer,vui,942
topic,Lecturer,lớp,940
topic,Lecturer,thực,828
topic,Lecturer,tốt,802
topic,Lecturer,truyền,752
topic,Training_program,học,1496
topic,Training_program,bài,900
topic,Training_program,thực,876
topic,Training_program,môn,842
topic,Training_program,viên,842
topic,Training_program,sinh,738
topic,Training_program,tập,664
topic,Training_program,hành,612
topic,Training_program,cần,551
topic,Training_program,thức,416
topic,Training_program,lý,378
topic,Training_program,giảng,370
topic,Training_program,trình,356
topic,Training_program,kiến,350
topic,Training_program,làm,349
topic,Training_program,thuyết,309
topic,Training_program,thời,301
topic,Training_program,dung,261
topic,Training_program,nội,252
topic,Training_program,hiểu,251
topic,Facility,phòng,448
topic,Facility,máy,350
topic,Facility,học,292
topic,Facility,thực,242
topic,Facility,hành,239
topic,Facility,thiết,174
topic,Facility,cần,160
topic,Facility,chiếu,129
topic,Facility,viên,125
topic,Facility,chất,124
topic,Facility,trang,124
topic,Facility,sinh,109
topic,Facility,nâng,104
topic,Facility,lượng,97
topic,Facility,cấp,88
topic,Facility,trường,75
topic,Facility,tốt,73
topic,Facility,thêm,62
topic,Facility,tính,59
topic,Facility,giảng,59
topic,Others,học,162
topic,Others,viên,109
topic,Others,sinh,95
topic,Others,kiến,75
topic,Others,môn,74
topic,Others,thực,57
topic,Others,lớp,53
topic,Others,hiểu,53
topic,Others,bài,49
topic,Others,hài,46
topic,Others,lòng,45
topic,Others,làm,45
topic,Others,thức,42
topic,Others,sự,37
topic,Others,tốt,37
topic,Others,cần,35
topic,Others,giảng,35
topic,Others,thể,34
topic,Others,dễ,32
topic,Others,khó,32
