split,task,label_id,label_name,count,percentage
train,sentiment,0,Negative,5324,46.6036
train,sentiment,1,Neutral,458,4.0091
train,sentiment,2,Positive,5642,49.3873
train,topic,0,Lecturer,8164,71.4636
train,topic,1,Training_program,2201,19.2665
train,topic,2,Facility,497,4.3505
train,topic,3,Others,562,4.9195
dev,sentiment,0,Negative,705,44.5357
dev,sentiment,1,Neutral,73,4.6115
dev,sentiment,2,Positive,805,50.8528
dev,topic,0,Lecturer,1151,72.71
dev,topic,1,Training_program,267,16.8667
dev,topic,2,Facility,70,4.422
dev,topic,3,Others,95,6.0013
test,sentiment,0,Negative,1409,44.5041
test,sentiment,1,Neutral,167,5.2748
test,sentiment,2,Positive,1590,50.2211
test,topic,0,Lecturer,2290,72.331
test,topic,1,Training_program,572,18.067
test,topic,2,Facility,145,4.5799
test,topic,3,Others,159,5.0221
